city,year,country,avg_city_temp,avg_global_temp
Baku,1808,Azerbaijan,5.50,7.63
Baku,1809,Azerbaijan,9.42,7.08
Baku,1810,Azerbaijan,9.47,6.92
Baku,1811,Azerbaijan,9.58,6.86
Baku,1812,Azerbaijan,9.71,7.05
Baku,1813,Azerbaijan,10.38,7.74
Baku,1814,Azerbaijan,10.53,7.59
Baku,1815,Azerbaijan,9.94,7.24
Baku,1816,Azerbaijan,12.78,6.94
Baku,1817,Azerbaijan,9.76,6.98
Baku,1818,Azerbaijan,11.44,7.83
Baku,1819,Azerbaijan,9.72,7.37
Baku,1820,Azerbaijan,10.23,7.62
Baku,1821,Azerbaijan,10.63,8.09
Baku,1822,Azerbaijan,10.30,8.19
Baku,1823,Azerbaijan,10.70,7.72
Baku,1824,Azerbaijan,11.69,8.55
Baku,1825,Azerbaijan,10.80,8.39
Baku,1826,Azerbaijan,10.73,8.36
Baku,1827,Azerbaijan,11.74,8.81
Baku,1828,Azerbaijan,10.58,8.17
Baku,1829,Azerbaijan,10.72,7.94
Baku,1830,Azerbaijan,11.17,8.52
Baku,1831,Azerbaijan,10.33,7.64
Baku,1832,Azerbaijan,9.60,7.45
Baku,1833,Azerbaijan,10.63,8.01
Baku,1834,Azerbaijan,10.47,8.15
Baku,1835,Azerbaijan,10.12,7.39
Baku,1836,Azerbaijan,10.65,7.70
Baku,1837,Azerbaijan,10.26,7.38
Baku,1838,Azerbaijan,9.98,7.51
Baku,1839,Azerbaijan,10.29,7.63
Baku,1840,Azerbaijan,10.15,7.80
Baku,1841,Azerbaijan,10.29,7.69
Baku,1842,Azerbaijan,10.79,8.02
Baku,1843,Azerbaijan,11.07,8.17
Baku,1844,Azerbaijan,10.41,7.65
Baku,1845,Azerbaijan,10.48,7.85
Baku,1846,Azerbaijan,11.10,8.55
Baku,1847,Azerbaijan,10.71,8.09
Baku,1848,Azerbaijan,10.60,7.98
Baku,1849,Azerbaijan,10.89,7.98
Baku,1850,Azerbaijan,10.43,7.90
Baku,1851,Azerbaijan,11.54,8.18
Baku,1852,Azerbaijan,10.95,8.10
Baku,1853,Azerbaijan,11.10,8.04
Baku,1854,Azerbaijan,10.53,8.21
Baku,1855,Azerbaijan,11.33,8.11
Baku,1856,Azerbaijan,10.83,8.00
Baku,1857,Azerbaijan,10.11,7.76
Baku,1858,Azerbaijan,10.62,8.10
Baku,1859,Azerbaijan,11.29,8.25
Baku,1860,Azerbaijan,10.90,7.96
Baku,1861,Azerbaijan,9.88,7.85
Baku,1862,Azerbaijan,9.70,7.56
Baku,1863,Azerbaijan,10.45,8.11
Baku,1864,Azerbaijan,10.47,7.98
Baku,1865,Azerbaijan,10.70,8.18
Baku,1866,Azerbaijan,10.60,8.29
Baku,1867,Azerbaijan,10.84,8.44
Baku,1868,Azerbaijan,10.91,8.25
Baku,1869,Azerbaijan,11.37,8.43
Baku,1870,Azerbaijan,11.05,8.20
Baku,1871,Azerbaijan,10.95,8.12
Baku,1872,Azerbaijan,11.64,8.19
Baku,1873,Azerbaijan,11.48,8.35
Baku,1874,Azerbaijan,10.99,8.43
Baku,1875,Azerbaijan,10.94,7.86
Baku,1876,Azerbaijan,11.04,8.08
Baku,1877,Azerbaijan,11.30,8.54
Baku,1878,Azerbaijan,11.53,8.83
Baku,1879,Azerbaijan,11.57,8.17
Baku,1880,Azerbaijan,10.00,8.12
Baku,1881,Azerbaijan,10.77,8.27
Baku,1882,Azerbaijan,10.76,8.13
Baku,1883,Azerbaijan,11.10,7.98
Baku,1884,Azerbaijan,10.58,7.77
Baku,1885,Azerbaijan,10.74,7.92
Baku,1886,Azerbaijan,10.16,7.95
Baku,1887,Azerbaijan,11.13,7.91
Baku,1888,Azerbaijan,11.61,8.09
Baku,1889,Azerbaijan,10.83,8.32
Baku,1890,Azerbaijan,11.09,7.97
Baku,1891,Azerbaijan,10.63,8.02
Baku,1892,Azerbaijan,11.08,8.07
Baku,1893,Azerbaijan,10.74,8.06
Baku,1894,Azerbaijan,10.25,8.16
Baku,1895,Azerbaijan,10.82,8.15
Baku,1896,Azerbaijan,10.29,8.21
Baku,1897,Azerbaijan,11.10,8.29
Baku,1898,Azerbaijan,10.34,8.18
Baku,1899,Azerbaijan,11.74,8.40
Baku,1900,Azerbaijan,10.39,8.50
Baku,1901,Azerbaijan,11.52,8.54
Baku,1902,Azerbaijan,10.93,8.30
Baku,1903,Azerbaijan,10.77,8.22
Baku,1904,Azerbaijan,10.47,8.09
Baku,1905,Azerbaijan,10.90,8.23
Baku,1906,Azerbaijan,11.06,8.38
Baku,1907,Azerbaijan,10.14,7.95
Baku,1908,Azerbaijan,10.15,8.19
Baku,1909,Azerbaijan,11.31,8.18
Baku,1910,Azerbaijan,11.33,8.22
Baku,1911,Azerbaijan,9.33,8.18
Baku,1912,Azerbaijan,11.12,8.17
Baku,1913,Azerbaijan,11.03,8.30
Baku,1914,Azerbaijan,11.36,8.59
Baku,1915,Azerbaijan,11.76,8.59
Baku,1916,Azerbaijan,11.16,8.23
Baku,1917,Azerbaijan,11.80,8.02
Baku,1918,Azerbaijan,10.98,8.13
Baku,1919,Azerbaijan,11.31,8.38
Baku,1920,Azerbaijan,9.51,8.36
Baku,1921,Azerbaijan,10.50,8.57
Baku,1922,Azerbaijan,11.66,8.41
Baku,1923,Azerbaijan,11.40,8.42
Baku,1924,Azerbaijan,11.10,8.51
Baku,1925,Azerbaijan,11.49,8.53
Baku,1926,Azerbaijan,10.98,8.73
Baku,1927,Azerbaijan,11.08,8.52
Baku,1928,Azerbaijan,9.90,8.63
Baku,1929,Azerbaijan,10.00,8.24
Baku,1930,Azerbaijan,10.90,8.63
Baku,1931,Azerbaijan,10.20,8.72
Baku,1932,Azerbaijan,10.61,8.71
Baku,1933,Azerbaijan,10.58,8.34
Baku,1934,Azerbaijan,10.50,8.63
Baku,1935,Azerbaijan,11.42,8.52
Baku,1936,Azerbaijan,11.44,8.55
Baku,1937,Azerbaijan,11.72,8.70
Baku,1938,Azerbaijan,11.86,8.86
Baku,1939,Azerbaijan,11.65,8.76
Baku,1940,Azerbaijan,11.79,8.76
Baku,1941,Azerbaijan,11.47,8.77
Baku,1942,Azerbaijan,10.93,8.73
Baku,1943,Azerbaijan,10.91,8.76
Baku,1944,Azerbaijan,11.85,8.85
Baku,1945,Azerbaijan,10.37,8.58
Baku,1946,Azerbaijan,11.14,8.68
Baku,1947,Azerbaijan,11.71,8.80
Baku,1948,Azerbaijan,11.39,8.75
Baku,1949,Azerbaijan,10.58,8.59
Baku,1950,Azerbaijan,10.87,8.37
Baku,1951,Azerbaijan,11.23,8.63
Baku,1952,Azerbaijan,11.53,8.64
Baku,1953,Azerbaijan,11.07,8.87
Baku,1954,Azerbaijan,11.31,8.56
Baku,1955,Azerbaijan,12.35,8.63
Baku,1956,Azerbaijan,10.45,8.28
Baku,1957,Azerbaijan,11.74,8.73
Baku,1958,Azerbaijan,11.60,8.77
Baku,1959,Azerbaijan,10.34,8.73
Baku,1960,Azerbaijan,11.56,8.58
Baku,1961,Azerbaijan,12.35,8.80
Baku,1962,Azerbaijan,12.42,8.75
Baku,1963,Azerbaijan,11.66,8.86
Baku,1964,Azerbaijan,10.83,8.41
Baku,1965,Azerbaijan,11.17,8.53
Baku,1966,Azerbaijan,13.00,8.60
Baku,1967,Azerbaijan,11.16,8.70
Baku,1968,Azerbaijan,11.78,8.52
Baku,1969,Azerbaijan,10.18,8.60
Baku,1970,Azerbaijan,12.06,8.70
Baku,1971,Azerbaijan,12.10,8.60
Baku,1972,Azerbaijan,10.78,8.50
Baku,1973,Azerbaijan,11.11,8.95
Baku,1974,Azerbaijan,11.14,8.47
Baku,1975,Azerbaijan,12.23,8.74
Baku,1976,Azerbaijan,10.81,8.35
Baku,1977,Azerbaijan,11.23,8.85
Baku,1978,Azerbaijan,11.28,8.69
Baku,1979,Azerbaijan,12.29,8.73
Baku,1980,Azerbaijan,11.62,8.98
Baku,1981,Azerbaijan,12.39,9.17
Baku,1982,Azerbaijan,10.96,8.64
Baku,1983,Azerbaijan,12.03,9.03
Baku,1984,Azerbaijan,11.16,8.69
Baku,1985,Azerbaijan,11.43,8.66
Baku,1986,Azerbaijan,11.83,8.83
Baku,1987,Azerbaijan,11.32,8.99
Baku,1988,Azerbaijan,11.74,9.20
Baku,1989,Azerbaijan,12.42,8.92
Baku,1990,Azerbaijan,12.01,9.23
Baku,1991,Azerbaijan,11.90,9.18
Baku,1992,Azerbaijan,10.93,8.84
Baku,1993,Azerbaijan,10.53,8.87
Baku,1994,Azerbaijan,11.32,9.04
Baku,1995,Azerbaijan,12.81,9.35
Baku,1996,Azerbaijan,11.96,9.04
Baku,1997,Azerbaijan,11.89,9.20
Baku,1998,Azerbaijan,12.79,9.52
Baku,1999,Azerbaijan,12.74,9.29
Baku,2000,Azerbaijan,12.61,9.20
Baku,2001,Azerbaijan,12.97,9.41
Baku,2002,Azerbaijan,12.45,9.57
Baku,2003,Azerbaijan,11.81,9.53
Baku,2004,Azerbaijan,12.76,9.32
Baku,2005,Azerbaijan,12.88,9.70
Baku,2006,Azerbaijan,12.66,9.53
Baku,2007,Azerbaijan,12.75,9.73
Baku,2008,Azerbaijan,12.30,9.43
Baku,2009,Azerbaijan,12.60,9.51
Baku,2010,Azerbaijan,13.85,9.70
Baku,2011,Azerbaijan,11.79,9.52
Baku,2012,Azerbaijan,13.00,9.51
Baku,2013,Azerbaijan,14.12,9.61
Berlin,1750,Germany,9.83,8.72
Berlin,1751,Germany,9.75,7.98
Berlin,1752,Germany,4.84,5.78
Berlin,1753,Germany,8.72,8.39
Berlin,1754,Germany,8.49,8.47
Berlin,1755,Germany,8.26,8.36
Berlin,1756,Germany,9.62,8.85
Berlin,1757,Germany,9.15,9.02
Berlin,1758,Germany,8.25,6.74
Berlin,1759,Germany,9.04,7.99
Berlin,1760,Germany,8.99,7.19
Berlin,1761,Germany,9.47,8.77
Berlin,1762,Germany,8.53,8.61
Berlin,1763,Germany,8.62,7.50
Berlin,1764,Germany,8.91,8.40
Berlin,1765,Germany,8.54,8.25
Berlin,1766,Germany,8.87,8.41
Berlin,1767,Germany,8.14,8.22
Berlin,1768,Germany,8.03,6.78
Berlin,1769,Germany,8.46,7.69
Berlin,1770,Germany,8.50,7.69
Berlin,1771,Germany,7.45,7.85
Berlin,1772,Germany,9.13,8.19
Berlin,1773,Germany,9.52,8.22
Berlin,1774,Germany,8.46,8.77
Berlin,1775,Germany,10.10,9.18
Berlin,1776,Germany,8.36,8.30
Berlin,1777,Germany,8.29,8.26
Berlin,1778,Germany,9.43,8.54
Berlin,1779,Germany,10.47,8.98
Berlin,1780,Germany,8.78,9.43
Berlin,1781,Germany,9.98,8.10
Berlin,1782,Germany,8.61,7.90
Berlin,1783,Germany,9.76,7.68
Berlin,1784,Germany,7.67,7.86
Berlin,1785,Germany,7.42,7.36
Berlin,1786,Germany,7.68,8.26
Berlin,1787,Germany,9.27,8.03
Berlin,1788,Germany,8.33,8.45
Berlin,1789,Germany,8.99,8.33
Berlin,1790,Germany,9.09,7.98
Berlin,1791,Germany,9.55,8.23
Berlin,1792,Germany,8.90,8.09
Berlin,1793,Germany,9.18,8.23
Berlin,1794,Germany,10.02,8.53
Berlin,1795,Germany,8.87,8.35
Berlin,1796,Germany,9.01,8.27
Berlin,1797,Germany,10.07,8.51
Berlin,1798,Germany,9.33,8.67
Berlin,1799,Germany,6.72,8.51
Berlin,1800,Germany,8.60,8.48
Berlin,1801,Germany,9.61,8.59
Berlin,1802,Germany,9.08,8.58
Berlin,1803,Germany,8.02,8.50
Berlin,1804,Germany,8.36,8.84
Berlin,1805,Germany,7.20,8.56
Berlin,1806,Germany,9.67,8.43
Berlin,1807,Germany,9.42,8.28
Berlin,1808,Germany,8.15,7.63
Berlin,1809,Germany,8.66,7.08
Berlin,1810,Germany,8.46,6.92
Berlin,1811,Germany,9.93,6.86
Berlin,1812,Germany,7.35,7.05
Berlin,1813,Germany,8.66,7.74
Berlin,1814,Germany,7.46,7.59
Berlin,1815,Germany,8.38,7.24
Berlin,1816,Germany,7.75,6.94
Berlin,1817,Germany,8.92,6.98
Berlin,1818,Germany,9.00,7.83
Berlin,1819,Germany,9.43,7.37
Berlin,1820,Germany,7.86,7.62
Berlin,1821,Germany,9.15,8.09
Berlin,1822,Germany,10.05,8.19
Berlin,1823,Germany,8.26,7.72
Berlin,1824,Germany,9.61,8.55
Berlin,1825,Germany,9.32,8.39
Berlin,1826,Germany,9.35,8.36
Berlin,1827,Germany,8.99,8.81
Berlin,1828,Germany,8.94,8.17
Berlin,1829,Germany,6.52,7.94
Berlin,1830,Germany,8.08,8.52
Berlin,1831,Germany,8.93,7.64
Berlin,1832,Germany,8.34,7.45
Berlin,1833,Germany,8.89,8.01
Berlin,1834,Germany,10.40,8.15
Berlin,1835,Germany,8.81,7.39
Berlin,1836,Germany,8.88,7.70
Berlin,1837,Germany,8.12,7.38
Berlin,1838,Germany,6.98,7.51
Berlin,1839,Germany,8.63,7.63
Berlin,1840,Germany,7.74,7.80
Berlin,1841,Germany,9.06,7.69
Berlin,1842,Germany,8.51,8.02
Berlin,1843,Germany,9.18,8.17
Berlin,1844,Germany,7.85,7.65
Berlin,1845,Germany,7.92,7.85
Berlin,1846,Germany,9.84,8.55
Berlin,1847,Germany,8.24,8.09
Berlin,1848,Germany,8.75,7.98
Berlin,1849,Germany,8.03,7.98
Berlin,1850,Germany,8.20,7.90
Berlin,1851,Germany,8.50,8.18
Berlin,1852,Germany,9.54,8.10
Berlin,1853,Germany,7.55,8.04
Berlin,1854,Germany,8.69,8.21
Berlin,1855,Germany,7.07,8.11
Berlin,1856,Germany,8.50,8.00
Berlin,1857,Germany,9.39,7.76
Berlin,1858,Germany,7.97,8.10
Berlin,1859,Germany,9.60,8.25
Berlin,1860,Germany,8.00,7.96
Berlin,1861,Germany,8.87,7.85
Berlin,1862,Germany,8.91,7.56
Berlin,1863,Germany,9.81,8.11
Berlin,1864,Germany,6.99,7.98
Berlin,1865,Germany,8.88,8.18
Berlin,1866,Germany,9.44,8.29
Berlin,1867,Germany,8.41,8.44
Berlin,1868,Germany,10.24,8.25
Berlin,1869,Germany,9.06,8.43
Berlin,1870,Germany,7.57,8.20
Berlin,1871,Germany,7.08,8.12
Berlin,1872,Germany,9.97,8.19
Berlin,1873,Germany,9.27,8.35
Berlin,1874,Germany,9.08,8.43
Berlin,1875,Germany,8.04,7.86
Berlin,1876,Germany,8.64,8.08
Berlin,1877,Germany,8.95,8.54
Berlin,1878,Germany,9.38,8.83
Berlin,1879,Germany,7.46,8.17
Berlin,1880,Germany,9.08,8.12
Berlin,1881,Germany,7.75,8.27
Berlin,1882,Germany,9.28,8.13
Berlin,1883,Germany,8.54,7.98
Berlin,1884,Germany,9.20,7.77
Berlin,1885,Germany,8.47,7.92
Berlin,1886,Germany,8.55,7.95
Berlin,1887,Germany,7.93,7.91
Berlin,1888,Germany,7.61,8.09
Berlin,1889,Germany,8.34,8.32
Berlin,1890,Germany,8.35,7.97
Berlin,1891,Germany,8.48,8.02
Berlin,1892,Germany,8.28,8.07
Berlin,1893,Germany,8.50,8.06
Berlin,1894,Germany,8.96,8.16
Berlin,1895,Germany,8.28,8.15
Berlin,1896,Germany,8.57,8.21
Berlin,1897,Germany,8.69,8.29
Berlin,1898,Germany,9.42,8.18
Berlin,1899,Germany,8.96,8.40
Berlin,1900,Germany,9.16,8.50
Berlin,1901,Germany,8.58,8.54
Berlin,1902,Germany,7.63,8.30
Berlin,1903,Germany,9.28,8.22
Berlin,1904,Germany,9.15,8.09
Berlin,1905,Germany,8.90,8.23
Berlin,1906,Germany,9.31,8.38
Berlin,1907,Germany,8.52,7.95
Berlin,1908,Germany,8.35,8.19
Berlin,1909,Germany,8.16,8.18
Berlin,1910,Germany,9.33,8.22
Berlin,1911,Germany,9.89,8.18
Berlin,1912,Germany,8.49,8.17
Berlin,1913,Germany,9.41,8.30
Berlin,1914,Germany,9.50,8.59
Berlin,1915,Germany,8.56,8.59
Berlin,1916,Germany,9.30,8.23
Berlin,1917,Germany,8.39,8.02
Berlin,1918,Germany,9.42,8.13
Berlin,1919,Germany,8.00,8.38
Berlin,1920,Germany,9.37,8.36
Berlin,1921,Germany,9.78,8.57
Berlin,1922,Germany,7.76,8.41
Berlin,1923,Germany,8.58,8.42
Berlin,1924,Germany,8.30,8.51
Berlin,1925,Germany,9.32,8.53
Berlin,1926,Germany,9.57,8.73
Berlin,1927,Germany,8.72,8.52
Berlin,1928,Germany,8.92,8.63
Berlin,1929,Germany,7.99,8.24
Berlin,1930,Germany,9.48,8.63
Berlin,1931,Germany,8.35,8.72
Berlin,1932,Germany,9.23,8.71
Berlin,1933,Germany,8.32,8.34
Berlin,1934,Germany,10.69,8.63
Berlin,1935,Germany,9.34,8.52
Berlin,1936,Germany,9.30,8.55
Berlin,1937,Germany,9.41,8.70
Berlin,1938,Germany,9.77,8.86
Berlin,1939,Germany,9.32,8.76
Berlin,1940,Germany,7.04,8.76
Berlin,1941,Germany,7.62,8.77
Berlin,1942,Germany,7.80,8.73
Berlin,1943,Germany,9.67,8.76
Berlin,1944,Germany,9.31,8.85
Berlin,1945,Germany,9.64,8.58
Berlin,1946,Germany,9.12,8.68
Berlin,1947,Germany,8.79,8.80
Berlin,1948,Germany,9.96,8.75
Berlin,1949,Germany,10.04,8.59
Berlin,1950,Germany,9.37,8.37
Berlin,1951,Germany,9.72,8.63
Berlin,1952,Germany,8.61,8.64
Berlin,1953,Germany,10.13,8.87
Berlin,1954,Germany,8.41,8.56
Berlin,1955,Germany,8.36,8.63
Berlin,1956,Germany,7.57,8.28
Berlin,1957,Germany,9.46,8.73
Berlin,1958,Germany,9.05,8.77
Berlin,1959,Germany,9.88,8.73
Berlin,1960,Germany,9.22,8.58
Berlin,1961,Germany,9.81,8.80
Berlin,1962,Germany,8.13,8.75
Berlin,1963,Germany,8.12,8.86
Berlin,1964,Germany,8.84,8.41
Berlin,1965,Germany,8.33,8.53
Berlin,1966,Germany,9.34,8.60
Berlin,1967,Germany,10.08,8.70
Berlin,1968,Germany,9.28,8.52
Berlin,1969,Germany,8.43,8.60
Berlin,1970,Germany,8.43,8.70
Berlin,1971,Germany,9.54,8.60
Berlin,1972,Germany,8.88,8.50
Berlin,1973,Germany,9.24,8.95
Berlin,1974,Germany,9.89,8.47
Berlin,1975,Germany,10.08,8.74
Berlin,1976,Germany,9.15,8.35
Berlin,1977,Germany,9.54,8.85
Berlin,1978,Germany,8.86,8.69
Berlin,1979,Germany,8.53,8.73
Berlin,1980,Germany,8.26,8.98
Berlin,1981,Germany,9.18,9.17
Berlin,1982,Germany,10.08,8.64
Berlin,1983,Germany,10.21,9.03
Berlin,1984,Germany,8.94,8.69
Berlin,1985,Germany,8.46,8.66
Berlin,1986,Germany,8.78,8.83
Berlin,1987,Germany,8.09,8.99
Berlin,1988,Germany,10.02,9.20
Berlin,1989,Germany,10.72,8.92
Berlin,1990,Germany,10.71,9.23
Berlin,1991,Germany,9.36,9.18
Berlin,1992,Germany,10.38,8.84
Berlin,1993,Germany,9.34,8.87
Berlin,1994,Germany,10.43,9.04
Berlin,1995,Germany,9.75,9.35
Berlin,1996,Germany,7.88,9.04
Berlin,1997,Germany,9.73,9.20
Berlin,1998,Germany,10.05,9.52
Berlin,1999,Germany,10.58,9.29
Berlin,2000,Germany,10.96,9.20
Berlin,2001,Germany,9.69,9.41
Berlin,2002,Germany,10.26,9.57
Berlin,2003,Germany,10.07,9.53
Berlin,2004,Germany,9.82,9.32
Berlin,2005,Germany,9.92,9.70
Berlin,2006,Germany,10.55,9.53
Berlin,2007,Germany,10.88,9.73
Berlin,2008,Germany,10.66,9.43
Berlin,2009,Germany,10.06,9.51
Berlin,2010,Germany,8.61,9.70
Berlin,2011,Germany,10.56,9.52
Berlin,2012,Germany,9.96,9.51
Berlin,2013,Germany,10.12,9.61
Istanbul,1750,Turkey,13.83,8.72
Istanbul,1751,Turkey,14.14,7.98
Istanbul,1752,Turkey,9.48,5.78
Istanbul,1753,Turkey,13.42,8.39
Istanbul,1754,Turkey,13.58,8.47
Istanbul,1755,Turkey,13.36,8.36
Istanbul,1756,Turkey,14.10,8.85
Istanbul,1757,Turkey,13.90,9.02
Istanbul,1758,Turkey,12.10,6.74
Istanbul,1759,Turkey,13.13,7.99
Istanbul,1760,Turkey,12.57,7.19
Istanbul,1761,Turkey,13.76,8.77
Istanbul,1762,Turkey,13.66,8.61
Istanbul,1763,Turkey,12.72,7.50
Istanbul,1764,Turkey,13.79,8.40
Istanbul,1765,Turkey,13.72,8.25
Istanbul,1766,Turkey,13.60,8.41
Istanbul,1767,Turkey,13.32,8.22
Istanbul,1768,Turkey,12.09,6.78
Istanbul,1769,Turkey,13.29,7.69
Istanbul,1770,Turkey,13.28,7.69
Istanbul,1771,Turkey,13.20,7.85
Istanbul,1772,Turkey,14.22,8.19
Istanbul,1773,Turkey,13.74,8.22
Istanbul,1774,Turkey,14.07,8.77
Istanbul,1775,Turkey,14.35,9.18
Istanbul,1776,Turkey,13.19,8.30
Istanbul,1777,Turkey,13.18,8.26
Istanbul,1778,Turkey,13.96,8.54
Istanbul,1779,Turkey,14.04,8.98
Istanbul,1780,Turkey,13.95,9.43
Istanbul,1781,Turkey,13.70,8.10
Istanbul,1782,Turkey,13.10,7.90
Istanbul,1783,Turkey,13.31,7.68
Istanbul,1784,Turkey,13.40,7.86
Istanbul,1785,Turkey,12.57,7.36
Istanbul,1786,Turkey,13.13,8.26
Istanbul,1787,Turkey,13.61,8.03
Istanbul,1788,Turkey,13.56,8.45
Istanbul,1789,Turkey,13.74,8.33
Istanbul,1790,Turkey,13.56,7.98
Istanbul,1791,Turkey,14.09,8.23
Istanbul,1792,Turkey,13.39,8.09
Istanbul,1793,Turkey,13.27,8.23
Istanbul,1794,Turkey,13.87,8.53
Istanbul,1795,Turkey,13.66,8.35
Istanbul,1796,Turkey,13.60,8.27
Istanbul,1797,Turkey,14.25,8.51
Istanbul,1798,Turkey,13.93,8.67
Istanbul,1799,Turkey,13.29,8.51
Istanbul,1800,Turkey,13.73,8.48
Istanbul,1801,Turkey,14.37,8.59
Istanbul,1802,Turkey,14.48,8.58
Istanbul,1803,Turkey,13.36,8.50
Istanbul,1804,Turkey,13.69,8.84
Istanbul,1805,Turkey,13.12,8.56
Istanbul,1806,Turkey,13.88,8.43
Istanbul,1807,Turkey,13.99,8.28
Istanbul,1808,Turkey,12.75,7.63
Istanbul,1809,Turkey,12.40,7.08
Istanbul,1810,Turkey,12.72,6.92
Istanbul,1811,Turkey,12.95,6.86
Istanbul,1812,Turkey,12.30,7.05
Istanbul,1813,Turkey,12.62,7.74
Istanbul,1814,Turkey,12.81,7.59
Istanbul,1815,Turkey,12.54,7.24
Istanbul,1816,Turkey,12.32,6.94
Istanbul,1817,Turkey,12.74,6.98
Istanbul,1818,Turkey,13.26,7.83
Istanbul,1819,Turkey,13.14,7.37
Istanbul,1820,Turkey,13.00,7.62
Istanbul,1821,Turkey,12.97,8.09
Istanbul,1822,Turkey,13.07,8.19
Istanbul,1823,Turkey,13.44,7.72
Istanbul,1824,Turkey,14.32,8.55
Istanbul,1825,Turkey,13.08,8.39
Istanbul,1826,Turkey,13.03,8.36
Istanbul,1827,Turkey,14.09,8.81
Istanbul,1828,Turkey,13.07,8.17
Istanbul,1829,Turkey,12.65,7.94
Istanbul,1830,Turkey,13.21,8.52
Istanbul,1831,Turkey,12.84,7.64
Istanbul,1832,Turkey,11.64,7.45
Istanbul,1833,Turkey,13.05,8.01
Istanbul,1834,Turkey,13.15,8.15
Istanbul,1835,Turkey,12.56,7.39
Istanbul,1836,Turkey,13.19,7.70
Istanbul,1837,Turkey,12.46,7.38
Istanbul,1838,Turkey,12.28,7.51
Istanbul,1839,Turkey,12.77,7.63
Istanbul,1840,Turkey,12.30,7.80
Istanbul,1841,Turkey,13.70,7.69
Istanbul,1842,Turkey,12.94,8.02
Istanbul,1843,Turkey,13.22,8.17
Istanbul,1844,Turkey,12.78,7.65
Istanbul,1845,Turkey,13.48,7.85
Istanbul,1846,Turkey,13.98,8.55
Istanbul,1847,Turkey,13.57,8.09
Istanbul,1848,Turkey,13.70,7.98
Istanbul,1849,Turkey,13.09,7.98
Istanbul,1850,Turkey,12.74,7.90
Istanbul,1851,Turkey,13.77,8.18
Istanbul,1852,Turkey,13.29,8.10
Istanbul,1853,Turkey,14.34,8.04
Istanbul,1854,Turkey,13.03,8.21
Istanbul,1855,Turkey,13.36,8.11
Istanbul,1856,Turkey,12.95,8.00
Istanbul,1857,Turkey,12.24,7.76
Istanbul,1858,Turkey,12.72,8.10
Istanbul,1859,Turkey,13.50,8.25
Istanbul,1860,Turkey,13.89,7.96
Istanbul,1861,Turkey,12.57,7.85
Istanbul,1862,Turkey,12.94,7.56
Istanbul,1863,Turkey,13.47,8.11
Istanbul,1864,Turkey,12.87,7.98
Istanbul,1865,Turkey,13.05,8.18
Istanbul,1866,Turkey,13.12,8.29
Istanbul,1867,Turkey,12.81,8.44
Istanbul,1868,Turkey,13.14,8.25
Istanbul,1869,Turkey,13.57,8.43
Istanbul,1870,Turkey,13.16,8.20
Istanbul,1871,Turkey,13.16,8.12
Istanbul,1872,Turkey,14.41,8.19
Istanbul,1873,Turkey,14.03,8.35
Istanbul,1874,Turkey,13.39,8.43
Istanbul,1875,Turkey,12.37,7.86
Istanbul,1876,Turkey,13.60,8.08
Istanbul,1877,Turkey,13.57,8.54
Istanbul,1878,Turkey,13.99,8.83
Istanbul,1879,Turkey,14.07,8.17
Istanbul,1880,Turkey,12.49,8.12
Istanbul,1881,Turkey,12.74,8.27
Istanbul,1882,Turkey,13.25,8.13
Istanbul,1883,Turkey,13.32,7.98
Istanbul,1884,Turkey,12.77,7.77
Istanbul,1885,Turkey,13.74,7.92
Istanbul,1886,Turkey,13.67,7.95
Istanbul,1887,Turkey,13.69,7.91
Istanbul,1888,Turkey,12.80,8.09
Istanbul,1889,Turkey,13.20,8.32
Istanbul,1890,Turkey,13.25,7.97
Istanbul,1891,Turkey,13.10,8.02
Istanbul,1892,Turkey,13.95,8.07
Istanbul,1893,Turkey,12.48,8.06
Istanbul,1894,Turkey,12.78,8.16
Istanbul,1895,Turkey,13.61,8.15
Istanbul,1896,Turkey,13.20,8.21
Istanbul,1897,Turkey,13.28,8.29
Istanbul,1898,Turkey,13.54,8.18
Istanbul,1899,Turkey,13.60,8.40
Istanbul,1900,Turkey,14.06,8.50
Istanbul,1901,Turkey,13.97,8.54
Istanbul,1902,Turkey,13.26,8.30
Istanbul,1903,Turkey,13.45,8.22
Istanbul,1904,Turkey,13.17,8.09
Istanbul,1905,Turkey,13.30,8.23
Istanbul,1906,Turkey,13.41,8.38
Istanbul,1907,Turkey,12.65,7.95
Istanbul,1908,Turkey,12.73,8.19
Istanbul,1909,Turkey,13.72,8.18
Istanbul,1910,Turkey,13.66,8.22
Istanbul,1911,Turkey,12.86,8.18
Istanbul,1912,Turkey,13.18,8.17
Istanbul,1913,Turkey,12.94,8.30
Istanbul,1914,Turkey,13.03,8.59
Istanbul,1915,Turkey,14.00,8.59
Istanbul,1916,Turkey,14.53,8.23
Istanbul,1917,Turkey,13.81,8.02
Istanbul,1918,Turkey,13.82,8.13
Istanbul,1919,Turkey,13.86,8.38
Istanbul,1920,Turkey,12.74,8.36
Istanbul,1921,Turkey,12.95,8.57
Istanbul,1922,Turkey,13.76,8.41
Istanbul,1923,Turkey,14.46,8.42
Istanbul,1924,Turkey,13.42,8.51
Istanbul,1925,Turkey,13.91,8.53
Istanbul,1926,Turkey,14.03,8.73
Istanbul,1927,Turkey,14.29,8.52
Istanbul,1928,Turkey,13.37,8.63
Istanbul,1929,Turkey,13.29,8.24
Istanbul,1930,Turkey,14.36,8.63
Istanbul,1931,Turkey,13.66,8.72
Istanbul,1932,Turkey,13.84,8.71
Istanbul,1933,Turkey,12.68,8.34
Istanbul,1934,Turkey,14.20,8.63
Istanbul,1935,Turkey,13.94,8.52
Istanbul,1936,Turkey,14.22,8.55
Istanbul,1937,Turkey,14.79,8.70
Istanbul,1938,Turkey,13.79,8.86
Istanbul,1939,Turkey,14.23,8.76
Istanbul,1940,Turkey,13.40,8.76
Istanbul,1941,Turkey,13.32,8.77
Istanbul,1942,Turkey,12.97,8.73
Istanbul,1943,Turkey,13.16,8.76
Istanbul,1944,Turkey,13.80,8.85
Istanbul,1945,Turkey,13.32,8.58
Istanbul,1946,Turkey,14.21,8.68
Istanbul,1947,Turkey,14.31,8.80
Istanbul,1948,Turkey,13.09,8.75
Istanbul,1949,Turkey,12.78,8.59
Istanbul,1950,Turkey,13.83,8.37
Istanbul,1951,Turkey,14.23,8.63
Istanbul,1952,Turkey,14.64,8.64
Istanbul,1953,Turkey,13.03,8.87
Istanbul,1954,Turkey,13.63,8.56
Istanbul,1955,Turkey,14.57,8.63
Istanbul,1956,Turkey,12.95,8.28
Istanbul,1957,Turkey,14.09,8.73
Istanbul,1958,Turkey,14.24,8.77
Istanbul,1959,Turkey,13.03,8.73
Istanbul,1960,Turkey,14.30,8.58
Istanbul,1961,Turkey,14.04,8.80
Istanbul,1962,Turkey,14.65,8.75
Istanbul,1963,Turkey,14.07,8.86
Istanbul,1964,Turkey,13.12,8.41
Istanbul,1965,Turkey,13.48,8.53
Istanbul,1966,Turkey,15.22,8.60
Istanbul,1967,Turkey,13.47,8.70
Istanbul,1968,Turkey,13.71,8.52
Istanbul,1969,Turkey,13.79,8.60
Istanbul,1970,Turkey,14.27,8.70
Istanbul,1971,Turkey,13.77,8.60
Istanbul,1972,Turkey,13.48,8.50
Istanbul,1973,Turkey,13.31,8.95
Istanbul,1974,Turkey,13.37,8.47
Istanbul,1975,Turkey,13.95,8.74
Istanbul,1976,Turkey,12.85,8.35
Istanbul,1977,Turkey,13.94,8.85
Istanbul,1978,Turkey,13.71,8.69
Istanbul,1979,Turkey,14.37,8.73
Istanbul,1980,Turkey,13.51,8.98
Istanbul,1981,Turkey,13.99,9.17
Istanbul,1982,Turkey,13.46,8.64
Istanbul,1983,Turkey,13.61,9.03
Istanbul,1984,Turkey,13.70,8.69
Istanbul,1985,Turkey,13.47,8.66
Istanbul,1986,Turkey,13.79,8.83
Istanbul,1987,Turkey,13.19,8.99
Istanbul,1988,Turkey,13.66,9.20
Istanbul,1989,Turkey,13.90,8.92
Istanbul,1990,Turkey,14.01,9.23
Istanbul,1991,Turkey,13.21,9.18
Istanbul,1992,Turkey,13.01,8.84
Istanbul,1993,Turkey,13.32,8.87
Istanbul,1994,Turkey,14.88,9.04
Istanbul,1995,Turkey,14.14,9.35
Istanbul,1996,Turkey,13.77,9.04
Istanbul,1997,Turkey,13.16,9.20
Istanbul,1998,Turkey,14.48,9.52
Istanbul,1999,Turkey,15.00,9.29
Istanbul,2000,Turkey,14.29,9.20
Istanbul,2001,Turkey,15.11,9.41
Istanbul,2002,Turkey,14.51,9.57
Istanbul,2003,Turkey,13.91,9.53
Istanbul,2004,Turkey,14.23,9.32
Istanbul,2005,Turkey,14.23,9.70
Istanbul,2006,Turkey,14.11,9.53
Istanbul,2007,Turkey,14.98,9.73
Istanbul,2008,Turkey,14.91,9.43
Istanbul,2009,Turkey,14.95,9.51
Istanbul,2010,Turkey,15.60,9.70
Istanbul,2011,Turkey,13.65,9.52
Istanbul,2012,Turkey,14.97,9.51
Istanbul,2013,Turkey,16.02,9.61
Warsaw,1750,Poland,8.27,8.72
Warsaw,1751,Poland,8.23,7.98
Warsaw,1752,Poland,2.58,5.78
Warsaw,1753,Poland,7.17,8.39
Warsaw,1754,Poland,7.08,8.47
Warsaw,1755,Poland,6.91,8.36
Warsaw,1756,Poland,7.88,8.85
Warsaw,1757,Poland,7.69,9.02
Warsaw,1758,Poland,6.26,6.74
Warsaw,1759,Poland,7.33,7.99
Warsaw,1760,Poland,6.90,7.19
Warsaw,1761,Poland,7.80,8.77
Warsaw,1762,Poland,7.21,8.61
Warsaw,1763,Poland,6.74,7.50
Warsaw,1764,Poland,7.59,8.40
Warsaw,1765,Poland,7.32,8.25
Warsaw,1766,Poland,7.44,8.41
Warsaw,1767,Poland,6.76,8.22
Warsaw,1768,Poland,6.22,6.78
Warsaw,1769,Poland,7.01,7.69
Warsaw,1770,Poland,7.12,7.69
Warsaw,1771,Poland,6.12,7.85
Warsaw,1772,Poland,7.66,8.19
Warsaw,1773,Poland,8.13,8.22
Warsaw,1774,Poland,7.25,8.77
Warsaw,1775,Poland,8.60,9.18
Warsaw,1776,Poland,7.06,8.30
Warsaw,1777,Poland,6.84,8.26
Warsaw,1778,Poland,8.00,8.54
Warsaw,1779,Poland,8.67,8.98
Warsaw,1780,Poland,7.00,9.43
Warsaw,1781,Poland,8.08,8.10
Warsaw,1782,Poland,6.77,7.90
Warsaw,1783,Poland,7.99,7.68
Warsaw,1784,Poland,6.88,7.86
Warsaw,1785,Poland,5.64,7.36
Warsaw,1786,Poland,6.16,8.26
Warsaw,1787,Poland,7.69,8.03
Warsaw,1788,Poland,6.74,8.45
Warsaw,1789,Poland,8.16,8.33
Warsaw,1790,Poland,7.67,7.98
Warsaw,1791,Poland,8.34,8.23
Warsaw,1792,Poland,7.27,8.09
Warsaw,1793,Poland,7.59,8.23
Warsaw,1794,Poland,8.19,8.53
Warsaw,1795,Poland,7.18,8.35
Warsaw,1796,Poland,7.41,8.27
Warsaw,1797,Poland,9.08,8.51
Warsaw,1798,Poland,7.98,8.67
Warsaw,1799,Poland,5.17,8.51
Warsaw,1800,Poland,7.06,8.48
Warsaw,1801,Poland,8.50,8.59
Warsaw,1802,Poland,8.14,8.58
Warsaw,1803,Poland,6.32,8.50
Warsaw,1804,Poland,6.74,8.84
Warsaw,1805,Poland,5.80,8.56
Warsaw,1806,Poland,8.30,8.43
Warsaw,1807,Poland,8.18,8.28
Warsaw,1808,Poland,6.68,7.63
Warsaw,1809,Poland,6.95,7.08
Warsaw,1810,Poland,6.91,6.92
Warsaw,1811,Poland,8.38,6.86
Warsaw,1812,Poland,5.89,7.05
Warsaw,1813,Poland,7.05,7.74
Warsaw,1814,Poland,6.17,7.59
Warsaw,1815,Poland,6.34,7.24
Warsaw,1816,Poland,6.57,6.94
Warsaw,1817,Poland,7.42,6.98
Warsaw,1818,Poland,7.40,7.83
Warsaw,1819,Poland,7.69,7.37
Warsaw,1820,Poland,6.52,7.62
Warsaw,1821,Poland,7.28,8.09
Warsaw,1822,Poland,8.41,8.19
Warsaw,1823,Poland,7.04,7.72
Warsaw,1824,Poland,8.13,8.55
Warsaw,1825,Poland,7.59,8.39
Warsaw,1826,Poland,7.80,8.36
Warsaw,1827,Poland,7.95,8.81
Warsaw,1828,Poland,6.99,8.17
Warsaw,1829,Poland,4.94,7.94
Warsaw,1830,Poland,6.89,8.52
Warsaw,1831,Poland,7.21,7.64
Warsaw,1832,Poland,6.07,7.45
Warsaw,1833,Poland,7.47,8.01
Warsaw,1834,Poland,8.64,8.15
Warsaw,1835,Poland,7.00,7.39
Warsaw,1836,Poland,7.53,7.70
Warsaw,1837,Poland,6.55,7.38
Warsaw,1838,Poland,5.46,7.51
Warsaw,1839,Poland,6.92,7.63
Warsaw,1840,Poland,5.90,7.80
Warsaw,1841,Poland,7.85,7.69
Warsaw,1842,Poland,6.58,8.02
Warsaw,1843,Poland,7.86,8.17
Warsaw,1844,Poland,6.11,7.65
Warsaw,1845,Poland,6.46,7.85
Warsaw,1846,Poland,8.08,8.55
Warsaw,1847,Poland,6.56,8.09
Warsaw,1848,Poland,7.66,7.98
Warsaw,1849,Poland,6.36,7.98
Warsaw,1850,Poland,6.90,7.90
Warsaw,1851,Poland,7.42,8.18
Warsaw,1852,Poland,7.59,8.10
Warsaw,1853,Poland,6.50,8.04
Warsaw,1854,Poland,7.15,8.21
Warsaw,1855,Poland,5.74,8.11
Warsaw,1856,Poland,6.86,8.00
Warsaw,1857,Poland,7.41,7.76
Warsaw,1858,Poland,6.28,8.10
Warsaw,1859,Poland,8.19,8.25
Warsaw,1860,Poland,6.93,7.96
Warsaw,1861,Poland,7.33,7.85
Warsaw,1862,Poland,6.49,7.56
Warsaw,1863,Poland,8.64,8.11
Warsaw,1864,Poland,5.70,7.98
Warsaw,1865,Poland,6.91,8.18
Warsaw,1866,Poland,7.98,8.29
Warsaw,1867,Poland,6.43,8.44
Warsaw,1868,Poland,8.35,8.25
Warsaw,1869,Poland,7.72,8.43
Warsaw,1870,Poland,5.58,8.20
Warsaw,1871,Poland,5.21,8.12
Warsaw,1872,Poland,8.63,8.19
Warsaw,1873,Poland,7.92,8.35
Warsaw,1874,Poland,7.31,8.43
Warsaw,1875,Poland,5.74,7.86
Warsaw,1876,Poland,6.66,8.08
Warsaw,1877,Poland,6.92,8.54
Warsaw,1878,Poland,7.83,8.83
Warsaw,1879,Poland,6.22,8.17
Warsaw,1880,Poland,7.30,8.12
Warsaw,1881,Poland,6.10,8.27
Warsaw,1882,Poland,8.08,8.13
Warsaw,1883,Poland,6.83,7.98
Warsaw,1884,Poland,7.53,7.77
Warsaw,1885,Poland,7.14,7.92
Warsaw,1886,Poland,7.01,7.95
Warsaw,1887,Poland,6.67,7.91
Warsaw,1888,Poland,5.87,8.09
Warsaw,1889,Poland,6.75,8.32
Warsaw,1890,Poland,7.37,7.97
Warsaw,1891,Poland,7.08,8.02
Warsaw,1892,Poland,6.92,8.07
Warsaw,1893,Poland,6.43,8.06
Warsaw,1894,Poland,7.40,8.16
Warsaw,1895,Poland,6.97,8.15
Warsaw,1896,Poland,7.39,8.21
Warsaw,1897,Poland,7.42,8.29
Warsaw,1898,Poland,7.90,8.18
Warsaw,1899,Poland,7.43,8.40
Warsaw,1900,Poland,7.64,8.50
Warsaw,1901,Poland,7.43,8.54
Warsaw,1902,Poland,5.88,8.30
Warsaw,1903,Poland,7.90,8.22
Warsaw,1904,Poland,6.92,8.09
Warsaw,1905,Poland,7.39,8.23
Warsaw,1906,Poland,7.75,8.38
Warsaw,1907,Poland,6.55,7.95
Warsaw,1908,Poland,6.66,8.19
Warsaw,1909,Poland,6.72,8.18
Warsaw,1910,Poland,8.18,8.22
Warsaw,1911,Poland,7.96,8.18
Warsaw,1912,Poland,6.67,8.17
Warsaw,1913,Poland,7.80,8.30
Warsaw,1914,Poland,7.85,8.59
Warsaw,1915,Poland,7.11,8.59
Warsaw,1916,Poland,7.86,8.23
Warsaw,1917,Poland,6.83,8.02
Warsaw,1918,Poland,7.91,8.13
Warsaw,1919,Poland,6.53,8.38
Warsaw,1920,Poland,7.95,8.36
Warsaw,1921,Poland,8.04,8.57
Warsaw,1922,Poland,6.35,8.41
Warsaw,1923,Poland,7.25,8.42
Warsaw,1924,Poland,6.56,8.51
Warsaw,1925,Poland,7.94,8.53
Warsaw,1926,Poland,7.90,8.73
Warsaw,1927,Poland,7.14,8.52
Warsaw,1928,Poland,7.20,8.63
Warsaw,1929,Poland,6.06,8.24
Warsaw,1930,Poland,8.12,8.63
Warsaw,1931,Poland,6.89,8.72
Warsaw,1932,Poland,7.84,8.71
Warsaw,1933,Poland,6.22,8.34
Warsaw,1934,Poland,9.04,8.63
Warsaw,1935,Poland,7.52,8.52
Warsaw,1936,Poland,8.23,8.55
Warsaw,1937,Poland,8.26,8.70
Warsaw,1938,Poland,8.26,8.86
Warsaw,1939,Poland,8.46,8.76
Warsaw,1940,Poland,5.45,8.76
Warsaw,1941,Poland,5.71,8.77
Warsaw,1942,Poland,6.20,8.73
Warsaw,1943,Poland,8.00,8.76
Warsaw,1944,Poland,7.93,8.85
Warsaw,1945,Poland,7.62,8.58
Warsaw,1946,Poland,7.61,8.68
Warsaw,1947,Poland,7.04,8.80
Warsaw,1948,Poland,8.21,8.75
Warsaw,1949,Poland,8.54,8.59
Warsaw,1950,Poland,8.02,8.37
Warsaw,1951,Poland,8.38,8.63
Warsaw,1952,Poland,7.10,8.64
Warsaw,1953,Poland,7.93,8.87
Warsaw,1954,Poland,7.03,8.56
Warsaw,1955,Poland,7.45,8.63
Warsaw,1956,Poland,5.97,8.28
Warsaw,1957,Poland,8.30,8.73
Warsaw,1958,Poland,7.45,8.77
Warsaw,1959,Poland,8.17,8.73
Warsaw,1960,Poland,7.88,8.58
Warsaw,1961,Poland,8.52,8.80
Warsaw,1962,Poland,6.90,8.75
Warsaw,1963,Poland,6.56,8.86
Warsaw,1964,Poland,7.11,8.41
Warsaw,1965,Poland,6.01,8.53
Warsaw,1966,Poland,8.19,8.60
Warsaw,1967,Poland,8.59,8.70
Warsaw,1968,Poland,7.85,8.52
Warsaw,1969,Poland,6.40,8.60
Warsaw,1970,Poland,6.73,8.70
Warsaw,1971,Poland,7.86,8.60
Warsaw,1972,Poland,7.75,8.50
Warsaw,1973,Poland,7.85,8.95
Warsaw,1974,Poland,8.55,8.47
Warsaw,1975,Poland,8.98,8.74
Warsaw,1976,Poland,7.02,8.35
Warsaw,1977,Poland,8.19,8.85
Warsaw,1978,Poland,6.88,8.69
Warsaw,1979,Poland,6.96,8.73
Warsaw,1980,Poland,6.53,8.98
Warsaw,1981,Poland,7.77,9.17
Warsaw,1982,Poland,8.28,8.64
Warsaw,1983,Poland,8.90,9.03
Warsaw,1984,Poland,7.92,8.69
Warsaw,1985,Poland,6.65,8.66
Warsaw,1986,Poland,7.30,8.83
Warsaw,1987,Poland,6.32,8.99
Warsaw,1988,Poland,8.05,9.20
Warsaw,1989,Poland,9.43,8.92
Warsaw,1990,Poland,9.20,9.23
Warsaw,1991,Poland,7.90,9.18
Warsaw,1992,Poland,8.65,8.84
Warsaw,1993,Poland,7.67,8.87
Warsaw,1994,Poland,8.78,9.04
Warsaw,1995,Poland,8.16,9.35
Warsaw,1996,Poland,6.71,9.04
Warsaw,1997,Poland,7.81,9.20
Warsaw,1998,Poland,8.17,9.52
Warsaw,1999,Poland,8.96,9.29
Warsaw,2000,Poland,9.56,9.20
Warsaw,2001,Poland,8.26,9.41
Warsaw,2002,Poland,9.14,9.57
Warsaw,2003,Poland,8.22,9.53
Warsaw,2004,Poland,8.33,9.32
Warsaw,2005,Poland,8.43,9.70
Warsaw,2006,Poland,8.64,9.53
Warsaw,2007,Poland,9.32,9.73
Warsaw,2008,Poland,9.51,9.43
Warsaw,2009,Poland,8.50,9.51
Warsaw,2010,Poland,7.67,9.70
Warsaw,2011,Poland,8.84,9.52
Warsaw,2012,Poland,8.48,9.51
Warsaw,2013,Poland,9.32,9.61
